{
    "0": -0.06574644148349762,
    "1": 0.09602035582065582,
    "2": 0.0882563591003418,
    "3": -0.04600917920470238,
    "4": 0.009356904774904251,
    "5": -0.054433584213256836,
    "6": -0.013610463589429855,
    "7": -0.140745609998703,
    "8": 0.13334427773952484,
    "9": -0.0721108615398407,
    "10": 0.30712664127349854,
    "11": -0.05321695655584335,
    "12": -0.179006427526474,
    "13": -0.13950315117835999,
    "14": 0.023571543395519257,
    "15": 0.1391371786594391,
    "16": -0.14259737730026245,
    "17": -0.08170996606349945,
    "18": -0.05509951710700989,
    "19": -0.09626825153827667,
    "20": 0.013029716908931732,
    "21": -0.09884442389011383,
    "22": 0.05136489495635033,
    "23": 0.0820801854133606,
    "24": -0.13619191944599152,
    "25": -0.3213253319263458,
    "26": -0.11938773095607758,
    "27": -0.026820596307516098,
    "28": -0.01390661671757698,
    "29": -0.06136763095855713,
    "30": -0.02437332272529602,
    "31": 0.12679925560951233,
    "32": -0.2050861418247223,
    "33": 0.009308644570410252,
    "34": -0.02301868423819542,
    "35": 0.0949612632393837,
    "36": -0.05912479758262634,
    "37": -0.06225591152906418,
    "38": 0.1914495974779129,
    "39": -0.0017221290618181229,
    "40": -0.12075095623731613,
    "41": -0.024220384657382965,
    "42": -0.015747856348752975,
    "43": 0.23250991106033325,
    "44": 0.13670963048934937,
    "45": -0.016468705609440804,
    "46": 0.025352593511343002,
    "47": -0.04898638278245926,
    "48": 0.06805320084095001,
    "49": -0.20660722255706787,
    "50": 0.08476176857948303,
    "51": 0.15516576170921326,
    "52": 0.06782062351703644,
    "53": 0.06639806926250458,
    "54": 0.05058825761079788,
    "55": -0.16412453353405,
    "56": 0.020800475031137466,
    "57": 0.07033507525920868,
    "58": -0.0774778202176094,
    "59": 0.019851652905344963,
    "60": -0.0417591817677021,
    "61": -0.13306699693202972,
    "62": -0.04405269771814346,
    "63": -0.060117870569229126,
    "64": 0.22247320413589478,
    "65": 0.19827254116535187,
    "66": -0.12145289778709412,
    "67": -0.1079326868057251,
    "68": 0.118655726313591,
    "69": -0.03897486627101898,
    "70": -0.016252974048256874,
    "71": 0.08377344906330109,
    "72": -0.1522965133190155,
    "73": -0.1961396038532257,
    "74": -0.3626648485660553,
    "75": 0.09382009506225586,
    "76": 0.4292512834072113,
    "77": 0.10022374242544174,
    "78": -0.2516726553440094,
    "79": -0.029530882835388184,
    "80": -0.10878746211528778,
    "81": -0.0003954283893108368,
    "82": 0.14474494755268097,
    "83": 0.11566898971796036,
    "84": -0.11751341819763184,
    "85": 0.021690741181373596,
    "86": -0.13604548573493958,
    "87": 0.06555299460887909,
    "88": 0.1592637449502945,
    "89": -0.03294006735086441,
    "90": -0.14567264914512634,
    "91": 0.22732894122600555,
    "92": -0.03628132492303848,
    "93": 0.13555333018302917,
    "94": -0.003815390169620514,
    "95": 0.010538190603256226,
    "96": -0.012241903692483902,
    "97": 0.021101374179124832,
    "98": -0.13546334207057953,
    "99": 0.007970988750457764,
    "100": 0.09897620975971222,
    "101": -0.04769033193588257,
    "102": -0.06204567849636078,
    "103": 0.12135319411754608,
    "104": -0.17146718502044678,
    "105": 0.07400146871805191,
    "106": 0.09643609821796417,
    "107": 0.005748581141233444,
    "108": 0.011627819389104843,
    "109": 0.05172553285956383,
    "110": -0.171266108751297,
    "111": -0.06734326481819153,
    "112": 0.09264782071113586,
    "113": -0.31662195920944214,
    "114": 0.1751110702753067,
    "115": 0.1892598569393158,
    "116": 0.036750514060258865,
    "117": 0.1485557109117508,
    "118": 0.1224818006157875,
    "119": 0.06868252158164978,
    "120": 0.007540589198470116,
    "121": -0.10169701278209686,
    "122": -0.0775391161441803,
    "123": 0.039644576609134674,
    "124": 0.09988581389188766,
    "125": 0.05866289511322975,
    "126": 0.021488314494490623,
    "127": 0.022815067321062088
}